{
  "model_version": "lr-1775290387804",
  "trained_at": "2026-04-04T08:13:07.804Z",
  "feature_order": [
    "inactivity_minutes_norm",
    "speed_kmh_norm",
    "outside_zone_flag",
    "nearby_incidents_norm",
    "nearby_critical_incidents_norm",
    "user_anomalies_24h_norm"
  ],
  "weights": [
    3.0069147646406673,
    -0.011735960339759354,
    1.2569891265376498,
    0.9695654815659726,
    -0.3458283287677715,
    -1.9751653413291124
  ],
  "bias": -0.01724474830327898,
  "sample_count": 78,
  "positive_count": 39,
  "negative_count": 39,
  "training_loss": 0.3978623323369038,
  "training_accuracy": 0.8205128205128205,
  "source": "trained"
}