{
  "model_version": "lr-1775313788246",
  "trained_at": "2026-04-04T14:43:08.246Z",
  "feature_order": [
    "inactivity_minutes_norm",
    "speed_kmh_norm",
    "outside_zone_flag",
    "nearby_incidents_norm",
    "nearby_critical_incidents_norm",
    "user_anomalies_24h_norm"
  ],
  "weights": [
    4.023059211996549,
    -0.2675298084500254,
    1.8920612189192605,
    0.9813718109684975,
    -0.6319131985782235,
    -1.0015802443532267
  ],
  "bias": -0.2079226316578783,
  "sample_count": 116,
  "positive_count": 58,
  "negative_count": 58,
  "training_loss": 0.4354982059954709,
  "training_accuracy": 0.8189655172413793,
  "source": "trained"
}